row_id,phone_id,customer_id,phone_number,activation_status,creation_date,modified_date
1,14abc423-ed42-4c1a-94cc-5be1b3131957,73c5ec8f-24af-4f93-97b6-408d1749460c,+1234567890,INACTIVE,2025-01-24T13:14:34.866589,2025-01-24T13:14:34.866599
1,83e1d0d3-475f-4fb1-b2fb-529032b6e07b,0ea89ba8-8ca8-494c-b59b-b438c86caac1,+1234567890,INACTIVE,2025-01-24T14:15:34.725158,2025-01-24T14:15:34.725168
1,22955eb2-2588-41fa-b776-d138bb5dcf66,1735fa55-0fd6-4f22-b236-a069abbce6a4,+1234567890,INACTIVE,2025-01-24T14:16:57.152591,2025-01-24T14:16:57.152606
1,7ba586d7-b98a-4947-afba-e3cd0d976e40,15058539-b0f7-4cda-a882-1c2eb97a97ef,+1234567890,INACTIVE,2025-01-24T14:20:33.049814,2025-01-24T14:20:33.049826
1,009b98c4-a28b-4b2d-af54-2fcfe8a743b1,9f53c935-fd33-48df-bc92-ce547ff734c6,+1234567890,INACTIVE,2025-01-24T14:21:00.223948,2025-01-24T14:21:00.223959
1,76793270-436b-411b-891b-4e0aa17c7584,78b9fd46-73e9-4f58-8020-9e6487da606a,+1234567890,INACTIVE,2025-01-24T14:22:26.778502,2025-01-24T14:22:26.778513
1,61f374f1-4dbd-4754-a329-2b57ed33a112,8a969ee2-b760-4e12-862e-438e4ca907f0,+1234567890,INACTIVE,2025-01-24T14:24:34.502741,2025-01-24T14:24:34.502752
2,61f374f1-4dbd-4754-a329-2b57ed33a112,8a969ee2-b760-4e12-862e-438e4ca907f0,+1234567890,ACTIVE,2025-01-24T14:24:34.502741,2025-01-24T14:24:34.566521
1,9420045e-2ac0-4e1d-97b8-9189023b4016,510a1dbf-06e4-4294-9ee9-929f488c13bb,+1234567890,INACTIVE,2025-01-24T14:24:52.472703,2025-01-24T14:24:52.472715
1,7451e075-0338-4df2-92c8-c47d0c32ccce,4e79ffb6-6ad5-4dc6-884d-bc97e4fe3a72,+1234567890,INACTIVE,2025-01-24T14:25:07.857223,2025-01-24T14:25:07.857233
1,8e15c8b2-da11-42d4-9a56-8c6ff53f1922,b8d85b35-172b-4871-a4d2-5e1a531b8845,+1234567890,INACTIVE,2025-01-24T14:25:07.90911,2025-01-24T14:25:07.909119
1,137d1010-7e66-45a7-b8b0-0494fef56b44,adfcdf1f-3f23-40fb-b182-6b87530d617f,+1234567890,INACTIVE,2025-01-24T14:25:07.919048,2025-01-24T14:25:07.919055
1,7e7125a9-0366-4998-97e3-19047182fea5,b0ddeb1f-62d4-49ef-a81f-bb50535dedb7,+1234567890,INACTIVE,2025-01-24T14:25:07.945453,2025-01-24T14:25:07.945462
3,7e7125a9-0366-4998-97e3-19047182fea5,b0ddeb1f-62d4-49ef-a81f-bb50535dedb7,+1234567890,ACTIVE,2025-01-24T14:25:07.945453,2025-01-24T14:25:07.947231
1,82581e35-93b4-4976-bb34-89068a4de568,e79bb0a7-88d7-4e2d-928a-f939e80a007b,+1234567890,INACTIVE,2025-01-24T14:25:07.950597,2025-01-24T14:25:07.950603
1,9ec1c3ee-4442-4c1e-8979-de92d4030d19,b5f8e50c-ea50-4f24-b03d-3e6043b569b8,+1234567890,INACTIVE,2025-01-24T14:30:10.684232,2025-01-24T14:30:10.684243
1,d9ac50b1-7d42-4650-9261-f78e6b4efeb6,005eff5c-109a-4273-b976-d705f6c6ee65,+1234567890,INACTIVE,2025-01-24T14:33:35.182219,2025-01-24T14:33:35.182228
1,44fb210a-95ed-4f69-a9c7-8b36e79e5d88,116f7555-dbf7-40b7-85af-40228bc61aa2,+1234567890,INACTIVE,2025-01-24T14:33:35.235628,2025-01-24T14:33:35.235638
1,94e9532e-be90-460d-ab82-32236b7295e5,61cd0a5e-d3f3-4797-8ff7-515639c64b6c,+1234567890,INACTIVE,2025-01-24T14:33:35.244076,2025-01-24T14:33:35.244083
1,32f8fbf3-7ff0-4561-8585-be1665745055,6e7c6ac8-c18a-4280-8fd9-84f06d9b54c5,+1234567890,INACTIVE,2025-01-24T14:33:35.270646,2025-01-24T14:33:35.270655
4,32f8fbf3-7ff0-4561-8585-be1665745055,6e7c6ac8-c18a-4280-8fd9-84f06d9b54c5,+1234567890,ACTIVE,2025-01-24T14:33:35.270646,2025-01-24T14:33:35.272425
1,249fa888-35c8-43aa-9971-c805d6efbca2,c98d4831-1612-469e-a2d6-735e21b3830f,+1234567890,INACTIVE,2025-01-24T14:33:35.275746,2025-01-24T14:33:35.275752
1,2c7de97c-a365-4953-b165-ae18eb309f99,06b421de-3a54-4d24-84ac-be8490c85dd1,+1234567890,INACTIVE,2025-01-24T14:40:40.812976,2025-01-24T14:40:40.812986
1,ed220f17-96dd-4a4a-9330-e8e85ef7632b,cd20beb3-7ca2-493f-94e2-c51af06786b2,+1234567890,INACTIVE,2025-01-24T14:40:45.963137,2025-01-24T14:40:45.963151
1,f14ad8e2-d437-4a3c-bcdb-1cef4da8f6a3,424f13cc-03bb-4fb3-b40d-ceb5abf3685d,+1234567890,INACTIVE,2025-01-24T14:40:45.974624,2025-01-24T14:40:45.974635
1,90e3f487-8e0b-4ef3-a28b-5c0ad4ac9304,0a20b752-3cb0-477b-ab62-db32d41d76ab,+1234567890,INACTIVE,2025-01-24T14:40:46.005502,2025-01-24T14:40:46.005514
5,90e3f487-8e0b-4ef3-a28b-5c0ad4ac9304,0a20b752-3cb0-477b-ab62-db32d41d76ab,+1234567890,ACTIVE,2025-01-24T14:40:46.005502,2025-01-24T14:40:46.008013
1,ef199f58-38b2-4ded-bf0c-20efbcdbfb7d,ec06507a-20e5-42b6-9869-65c34f438214,+1234567890,INACTIVE,2025-01-24T14:40:46.012377,2025-01-24T14:40:46.012387
1,be30d3ae-156d-4805-b267-4d576a9961b4,d75742bb-a859-4776-a6f6-0f891bc4b32f,+1234567890,INACTIVE,2025-01-24T14:41:45.775859,2025-01-24T14:41:45.775868
1,50453a09-34eb-48e4-8576-8c1b6300c8f4,f49c05f4-add2-4bed-8b51-a5595ba4f69c,+1234567890,INACTIVE,2025-01-24T14:41:45.83,2025-01-24T14:41:45.83001
1,21148473-cd3e-4e8e-a55f-5ed7574d599a,5664a57c-0e11-421b-8808-2352fa7eaa3e,+1234567890,INACTIVE,2025-01-24T14:41:45.839466,2025-01-24T14:41:45.839474
1,b0977864-5ae0-49d9-8cdb-75150d434d4d,52f25611-4c74-4b78-bf43-b40797a3f81a,+1234567890,INACTIVE,2025-01-24T14:41:45.866047,2025-01-24T14:41:45.866056
6,b0977864-5ae0-49d9-8cdb-75150d434d4d,52f25611-4c74-4b78-bf43-b40797a3f81a,+1234567890,ACTIVE,2025-01-24T14:41:45.866047,2025-01-24T14:41:45.868085
1,ccc5978d-7f5b-49c4-a12f-fcdf0b6d1a7e,e49996d9-172a-45e8-bd2d-9a4548b1257d,+1234567890,INACTIVE,2025-01-24T14:41:45.871661,2025-01-24T14:41:45.871667
1,8adb2e15-0c82-4f3c-aa98-bd2d85a213aa,d9884579-3ff0-4c29-b599-344e399ee63b,+1234567890,INACTIVE,2025-01-24T14:52:58.134805,2025-01-24T14:52:58.134813
1,2af4318a-c093-4a61-93e6-9438b21b0662,f3fd52ba-c8bf-4d01-af89-ef97fc9d959b,+1234567890,INACTIVE,2025-01-24T14:52:58.189603,2025-01-24T14:52:58.189613
1,e5868ac6-b668-40c9-a275-8c2530beb66a,5e0aedab-4cb7-4834-add1-e0bd0fc2a8db,+1234567890,INACTIVE,2025-01-24T14:52:58.199157,2025-01-24T14:52:58.199165
1,8fd34f93-ff58-498e-80b1-15d8685d32d7,5231c983-416e-4c47-a2b6-61388002fd28,+1234567890,INACTIVE,2025-01-24T14:52:58.227237,2025-01-24T14:52:58.227245
7,8fd34f93-ff58-498e-80b1-15d8685d32d7,5231c983-416e-4c47-a2b6-61388002fd28,+1234567890,ACTIVE,2025-01-24T14:52:58.227237,2025-01-24T14:52:58.229438
1,a776a683-bad8-4746-a6a8-492c926e00f2,faa4a68d-8945-457b-b2b3-517b8d0bc03c,+1234567890,INACTIVE,2025-01-24T14:52:58.233473,2025-01-24T14:52:58.23348
1,705a3649-fd59-489f-a015-779f5ffe62a3,f1084aad-1eb5-447b-a590-99f16c6e3e2a,+1234567890,INACTIVE,2025-01-24T15:09:38.856938,2025-01-24T15:09:38.85695
1,51416ea2-3ae2-45cc-94d1-67d25ea98fe0,1e824944-126a-4c46-97d0-0bde925594ec,+1234567890,INACTIVE,2025-01-24T15:09:38.923827,2025-01-24T15:09:38.923838
1,e7db61db-3f72-4a42-9053-23e5b996d51f,be91f407-d8b5-4a9f-a318-3b3ad750388b,+1234567890,INACTIVE,2025-01-24T15:09:38.934428,2025-01-24T15:09:38.934451
1,1af933d2-f658-42ff-8eb4-ee58d25d39d8,27d39c15-e184-465d-93fe-14ee42d7b15d,+1234567890,INACTIVE,2025-01-24T15:09:38.963391,2025-01-24T15:09:38.9634
8,1af933d2-f658-42ff-8eb4-ee58d25d39d8,27d39c15-e184-465d-93fe-14ee42d7b15d,+1234567890,ACTIVE,2025-01-24T15:09:38.963391,2025-01-24T15:09:38.966091
1,9721a228-6315-4f6a-9c87-6f34e0eef69a,b875f3ff-0eb8-4383-92db-3c1e1f417691,+1234567890,INACTIVE,2025-01-24T15:09:38.970051,2025-01-24T15:09:38.970058
1,7c761423-c3b7-4ad9-8c80-dbff9b11953a,af39b2f3-d49d-4552-bc44-1e4faa34a3fd,+1234567890,INACTIVE,2025-01-24T15:10:07.570071,2025-01-24T15:10:07.570085
9,7c761423-c3b7-4ad9-8c80-dbff9b11953a,af39b2f3-d49d-4552-bc44-1e4faa34a3fd,+1234567890,ACTIVE,2025-01-24T15:10:07.570071,2025-01-24T15:10:07.629253
1,54014e04-2fc5-4520-9d82-f47ea71b8780,303cc6dc-e437-42bc-8cc5-ac997c306967,+1234567890,INACTIVE,2025-01-24T15:10:17.075601,2025-01-24T15:10:17.075612
1,03475135-2fde-4ae3-957f-753763eb200c,1209f82c-3b86-42e6-9ab0-5a67f8e91316,+1234567890,INACTIVE,2025-01-24T15:12:15.128469,2025-01-24T15:12:15.128481
10,03475135-2fde-4ae3-957f-753763eb200c,1209f82c-3b86-42e6-9ab0-5a67f8e91316,+1234567890,ACTIVE,2025-01-24T15:12:15.128469,2025-01-24T15:12:15.182188
1,8b045547-f270-4b59-9e47-f411942c1ee6,579a6e2b-b038-4baf-b1b7-14eca36cc716,+1234567890,INACTIVE,2025-01-24T15:20:23.501199,2025-01-24T15:20:23.501211
11,8b045547-f270-4b59-9e47-f411942c1ee6,579a6e2b-b038-4baf-b1b7-14eca36cc716,+1234567890,ACTIVE,2025-01-24T15:20:23.501199,2025-01-24T15:20:23.560638
1,abbf86db-ddba-4ef6-bd3c-0552a316e2e6,34dbc3d4-af32-4886-aff2-84ed56d4f0c2,+1234567890,INACTIVE,2025-01-24T15:21:50.501079,2025-01-24T15:21:50.501089
1,81edcad2-6422-43c8-8bde-5e43857b12b8,3da33dcc-d926-48cd-b41b-b8771791809e,+1234567890,INACTIVE,2025-01-24T15:21:50.557517,2025-01-24T15:21:50.557526
1,eb1d7f25-4824-4a83-a339-98c10cde09cf,f25fc113-d3e4-40a8-bcb6-e37b11e53935,+1234567890,INACTIVE,2025-01-24T15:21:50.567867,2025-01-24T15:21:50.567874
1,43bb2d5c-4196-4ff1-a950-64b3fbad4501,790eebef-8b08-41f5-8848-b6c47fbe8c2b,+1234567890,INACTIVE,2025-01-24T15:21:50.597051,2025-01-24T15:21:50.597059
12,43bb2d5c-4196-4ff1-a950-64b3fbad4501,790eebef-8b08-41f5-8848-b6c47fbe8c2b,+1234567890,ACTIVE,2025-01-24T15:21:50.597051,2025-01-24T15:21:50.599452
1,910df4d9-dfbc-4108-89b8-620c3591c384,adde6014-7bbf-4cf4-8706-6b0c5ffa5533,+1234567890,INACTIVE,2025-01-24T15:21:50.603128,2025-01-24T15:21:50.603134
1,0717abac-5d6e-4384-905d-c209e88f3561,8a60d0bf-4af3-4ca1-b51c-4d186046d2be,+1234567890,INACTIVE,2025-01-24T15:24:57.7124,2025-01-24T15:24:57.712408
1,e685b7aa-cd39-45ec-a6e2-3f32d7937740,73a334f2-8e7a-4edb-bc02-e45733b5f9f6,+1234567890,INACTIVE,2025-01-24T15:24:57.770194,2025-01-24T15:24:57.770203
1,5b569bd0-323d-4629-a8e4-6874d492469a,14b59720-90ca-40c2-bc87-56f86922315c,+1234567890,INACTIVE,2025-01-24T15:24:57.780835,2025-01-24T15:24:57.780843
1,4b7acb4f-28ec-4e6c-8283-a255fad58851,a574a8da-fda6-40cd-8421-a39ce5ab81a8,+1234567890,INACTIVE,2025-01-24T15:24:57.816756,2025-01-24T15:24:57.816765
1,175c7645-e782-43ae-a25c-c01c5b36dce4,d66c8530-c554-45f6-b768-39a850c96ba5,+1234567890,INACTIVE,2025-01-24T15:24:57.827234,2025-01-24T15:24:57.827244
1,9d75b574-7bfd-4b99-9c5b-7f688dc71e5b,c7809eb3-705c-49c4-aa2f-d79c607b575c,+1234567890,INACTIVE,2025-01-24T15:32:18.262843,2025-01-24T15:32:18.262853
1,d07cb157-9eae-4932-aa45-fd10f00c2a9a,3196bf6e-a651-4bac-a956-ddf8be4ccae4,+1234567890,INACTIVE,2025-01-24T15:32:18.317068,2025-01-24T15:32:18.317077
1,3b2e789c-fd07-46e3-8060-241116580b50,07109d99-b898-4745-91bf-bf883b286aac,+1234567890,INACTIVE,2025-01-24T15:32:18.328183,2025-01-24T15:32:18.32819
1,1444ceea-a826-4920-b77a-e25f20958b43,8af5acb2-40ef-456d-85a4-e6ee0024ce6f,+1234567890,INACTIVE,2025-01-24T15:32:18.355497,2025-01-24T15:32:18.355505
13,1444ceea-a826-4920-b77a-e25f20958b43,8af5acb2-40ef-456d-85a4-e6ee0024ce6f,+1234567890,ACTIVE,2025-01-24T15:32:18.355497,2025-01-24T15:32:18.357806
1,3ddd4d8f-dc9f-4dc3-b6d7-bac4bc4f022e,1c9c787c-0b27-455b-bceb-ea2d19c4f114,+1234567890,INACTIVE,2025-01-24T15:32:18.361384,2025-01-24T15:32:18.36139
1,09b6ab68-b408-4faf-91eb-39321d191eab,454fdea3-cd56-4c87-a397-9b5dedb54088,+1234567890,INACTIVE,2025-01-24T15:54:54.95247,2025-01-24T15:54:54.952478
1,45260837-ca17-4582-9acd-028db305166f,ea70b7fd-deb3-44e5-96f4-51dc59af788b,+1234567890,INACTIVE,2025-01-24T15:54:55.008745,2025-01-24T15:54:55.008755
1,b011ada6-e816-4a39-86ec-ecbd1328fe1a,e82f9d8c-8e7d-47c1-aaa0-17fb2d2328e8,+1234567890,INACTIVE,2025-01-24T15:54:55.020867,2025-01-24T15:54:55.020875
1,5d6bf971-e37a-4719-b659-54eb385af0eb,3180609a-5cff-4144-9d3a-e5881f83ace6,+1234567890,INACTIVE,2025-01-24T15:54:55.054303,2025-01-24T15:54:55.054311
14,5d6bf971-e37a-4719-b659-54eb385af0eb,3180609a-5cff-4144-9d3a-e5881f83ace6,+1234567890,ACTIVE,2025-01-24T15:54:55.054303,2025-01-24T15:54:55.056755
1,765fd4d7-2c27-47d4-aaf6-269822f51106,4c08a12e-5270-48a4-8163-335369168f4e,+1234567890,INACTIVE,2025-01-24T15:54:55.060817,2025-01-24T15:54:55.060823
1,010c9043-158e-43f1-8eeb-50d8c6e11f19,80c5c25e-bde1-4792-86a6-afbbd125801b,+1234567890,INACTIVE,2025-01-24T15:57:20.971436,2025-01-24T15:57:20.971445
1,60c95e83-1867-4df2-ba77-1d424c40f5aa,09614368-b859-4819-a695-8e15ac4a87b9,+1234567890,INACTIVE,2025-01-24T15:57:21.032945,2025-01-24T15:57:21.032954
1,54656886-5222-4585-a708-86150c0908a3,b7adb2f1-d2b0-41cc-bea9-a8eaae2917e7,+1234567890,INACTIVE,2025-01-24T15:57:21.043907,2025-01-24T15:57:21.043916
1,42163663-85cb-4ef9-8491-75a2d1973b8e,1041d2fc-4c25-4745-a5c7-4b545c773aef,+1234567890,INACTIVE,2025-01-24T15:57:21.078099,2025-01-24T15:57:21.078107
15,42163663-85cb-4ef9-8491-75a2d1973b8e,1041d2fc-4c25-4745-a5c7-4b545c773aef,+1234567890,ACTIVE,2025-01-24T15:57:21.078099,2025-01-24T15:57:21.080573
1,ab2db77d-9b1e-4fd5-9a26-b675c3c551d2,2c5599bd-0964-41ee-bbc5-37a1ef4f9a6e,+1234567890,INACTIVE,2025-01-24T15:57:21.084643,2025-01-24T15:57:21.08465
1,26e8f4aa-77b6-42e0-a54a-5b4c6a900572,570c0f4b-d9c7-46e5-beda-c0f018fcaa90,+1234567890,INACTIVE,2025-01-24T15:58:07.644646,2025-01-24T15:58:07.644655
1,0e5fd735-9a01-404c-bf99-eddddd29935f,fbff56ea-1b9c-4079-9598-0486b4b86795,+1234567890,INACTIVE,2025-01-24T15:58:07.700612,2025-01-24T15:58:07.700621
1,84b0a8c0-f4c0-4837-891f-96ada7e65223,20237ba1-5ccd-41aa-bd9b-7fb14a26fd71,+1234567890,INACTIVE,2025-01-24T15:58:07.711401,2025-01-24T15:58:07.711408
1,86844343-1b19-4a28-a209-e4cd220c05e7,e9738a51-cbc3-4b3b-88c4-ee41f30d049b,+1234567890,INACTIVE,2025-01-24T15:58:07.749372,2025-01-24T15:58:07.749383
16,86844343-1b19-4a28-a209-e4cd220c05e7,e9738a51-cbc3-4b3b-88c4-ee41f30d049b,+1234567890,ACTIVE,2025-01-24T15:58:07.749372,2025-01-24T15:58:07.751882
1,fec31f8b-4967-453e-abe2-8f715524d578,3a76f7a4-e8a2-4e9f-9d65-03b8d6d44a7a,+1234567890,INACTIVE,2025-01-24T15:58:07.755761,2025-01-24T15:58:07.755767
1,57d1f81a-6f8a-4e6e-9885-23f94393ba36,e123cb55-5dc5-437d-b506-2066d75ad713,+1234567890,INACTIVE,2025-01-24T15:58:23.742763,2025-01-24T15:58:23.742773
1,dda6b058-c918-4deb-b21c-58a74819f593,03b5157f-b26a-4002-809c-efc1af9a15ad,+1234567890,INACTIVE,2025-01-24T15:58:23.798863,2025-01-24T15:58:23.798873
1,3c1d066f-1b45-48c4-a942-fd66d10287c5,c81f4f5a-addd-4fc3-b998-fdf520fcc50b,+1234567890,INACTIVE,2025-01-24T15:58:23.810356,2025-01-24T15:58:23.810364
1,3e88e22c-6c39-45f7-ab82-eed3be57f375,68e622d8-8bb7-48af-8045-1d57c4d8ce9e,+1234567890,INACTIVE,2025-01-24T15:58:23.844117,2025-01-24T15:58:23.844125
17,3e88e22c-6c39-45f7-ab82-eed3be57f375,68e622d8-8bb7-48af-8045-1d57c4d8ce9e,+1234567890,ACTIVE,2025-01-24T15:58:23.844117,2025-01-24T15:58:23.846655
1,4070d2e7-503d-4dc7-83e9-bd7d33aa5ec7,35386346-585e-412d-8b59-fd287cb4097c,+1234567890,INACTIVE,2025-01-24T15:58:23.850719,2025-01-24T15:58:23.850726
1,1a412ff6-4187-450a-b290-bd5eceabfe09,317ba8bf-0d4c-4b0e-ab0c-a0c1d5196f46,+1234567890,INACTIVE,2025-01-24T15:59:26.072916,2025-01-24T15:59:26.072925
1,1efd6ed2-0be4-4c19-b61e-da049e699ebc,6fd2f1a1-74ea-4099-a63e-ff2ffb8a0f0d,+1234567890,INACTIVE,2025-01-24T15:59:26.129472,2025-01-24T15:59:26.129482
1,41c46a13-265a-439a-9567-3fd2be799405,3b836454-e0c0-4922-9298-b973d4d61171,+1234567890,INACTIVE,2025-01-24T15:59:26.140113,2025-01-24T15:59:26.14012
1,f54ea9ff-4adb-42e2-b13c-32fa946a9c75,3ad6a93d-8e33-44b8-8e57-affad074a37a,+1234567890,INACTIVE,2025-01-24T15:59:26.171425,2025-01-24T15:59:26.171434
18,f54ea9ff-4adb-42e2-b13c-32fa946a9c75,3ad6a93d-8e33-44b8-8e57-affad074a37a,+1234567890,ACTIVE,2025-01-24T15:59:26.171425,2025-01-24T15:59:26.174561
1,1393a305-d555-4b69-81e4-a42b2813b56b,507d93bd-bb97-4ee4-ae87-bde9fd79de10,+1234567890,INACTIVE,2025-01-24T15:59:26.179185,2025-01-24T15:59:26.179192
1,71e846a4-55bd-4c24-a4c7-cdf67454117f,d1abc7f1-8f1c-4282-ae41-82e2dbce9a8f,+1234567890,INACTIVE,2025-01-24T18:41:33.183274,2025-01-24T18:41:33.183284
1,003ed5a3-7f55-4434-ad68-481a11831e93,cef8e649-d1ca-4039-b69c-12800657bd2e,+1234567890,INACTIVE,2025-01-24T18:41:33.24464,2025-01-24T18:41:33.244649
1,92aa4c2c-b7ff-4456-b021-cc33f670400f,53714fd0-2661-4f40-b312-faff7caa8def,+1234567890,INACTIVE,2025-01-24T18:41:33.254811,2025-01-24T18:41:33.254818
1,a4b5a974-22b2-4835-aaec-16d48efe37b3,73d5c2ff-657f-446f-9312-8bd4ff576fa5,+1234567890,INACTIVE,2025-01-24T18:41:33.286672,2025-01-24T18:41:33.28668
19,a4b5a974-22b2-4835-aaec-16d48efe37b3,73d5c2ff-657f-446f-9312-8bd4ff576fa5,+1234567890,ACTIVE,2025-01-24T18:41:33.286672,2025-01-24T18:41:33.289096
1,3d202f97-233f-4dbb-9d58-c55a6cccb7f2,e5a7d9ab-aa93-42c0-9f09-75eefe16dc52,+1234567890,INACTIVE,2025-01-24T18:41:33.292878,2025-01-24T18:41:33.292884
1,bf0d9324-7ede-4110-966f-14aeea6c7f00,1af5944e-0503-4ee5-8663-3c794f1c261c,+1234567890,INACTIVE,2025-01-24T18:43:27.956995,2025-01-24T18:43:27.957005
1,e33c2631-ecda-4889-848c-1902d77ccb29,3da98488-a457-4ef4-9cc6-9819e2d51197,+1234567890,INACTIVE,2025-01-24T18:43:28.014104,2025-01-24T18:43:28.014113
1,4f09d135-a27e-4b9b-a61a-0d10e02d467a,2ea4e55e-ac49-4cad-a5cb-61ed28a1a938,+1234567890,INACTIVE,2025-01-24T18:43:28.024929,2025-01-24T18:43:28.024937
1,3ee42c90-fe28-47b4-9747-11e722584f34,e6ce6279-8e5b-474d-9bb0-5a308f9ba573,+1234567890,INACTIVE,2025-01-24T18:43:28.057229,2025-01-24T18:43:28.057238
20,3ee42c90-fe28-47b4-9747-11e722584f34,e6ce6279-8e5b-474d-9bb0-5a308f9ba573,+1234567890,ACTIVE,2025-01-24T18:43:28.057229,2025-01-24T18:43:28.059713
1,f8fa6f7e-4af4-44b4-9314-05cacd519675,8979f3b2-185a-45f5-bb8a-d977785656e9,+1234567890,INACTIVE,2025-01-24T18:43:28.063488,2025-01-24T18:43:28.063495
1,c1b83002-a257-4854-ae01-35f1d1b44095,9dbc06f5-ad1e-4e45-ad57-970541d6167b,+1234567890,INACTIVE,2025-01-24T18:44:14.846994,2025-01-24T18:44:14.847002
1,09d41545-d1de-43ff-8b08-5fd0c5b76f44,558f5a90-3284-441a-b7ae-ecbb4eaaa437,+1234567890,INACTIVE,2025-01-24T18:44:14.902166,2025-01-24T18:44:14.902177
1,dda0e208-cac7-4fd0-9093-d76e83e6e277,66f03d4b-0583-4261-aeef-e69b7be7fce3,+1234567890,INACTIVE,2025-01-24T18:44:14.912659,2025-01-24T18:44:14.912668
1,5ccd06dc-63a1-4260-8826-313b9db7fd08,68cfad05-535d-49b0-bea1-79828c600e3e,+1234567890,INACTIVE,2025-01-24T18:44:14.944696,2025-01-24T18:44:14.944705
21,5ccd06dc-63a1-4260-8826-313b9db7fd08,68cfad05-535d-49b0-bea1-79828c600e3e,+1234567890,ACTIVE,2025-01-24T18:44:14.944696,2025-01-24T18:44:14.947172
1,8d492a0b-721f-4443-a958-574d27ddee4a,ff58bf99-e1bd-491a-988d-6e028e81f5df,+1234567890,INACTIVE,2025-01-24T18:44:14.9512,2025-01-24T18:44:14.951207
1,cfffc486-8846-40b6-a181-7c65ec919fba,67907365-dcd2-47b8-86f9-785f960b1cb5,+1234567890,INACTIVE,2025-01-24T18:49:47.878638,2025-01-24T18:49:47.878646
1,24cfed82-c4c5-4251-a269-b9fe58e69fe1,3d445ce4-8445-4dd6-8ad2-b79a35c02274,+1234567890,INACTIVE,2025-01-24T18:49:47.937799,2025-01-24T18:49:47.937809
1,93f32030-a0ba-4722-91d8-31617610ac71,6bd642dd-550d-4428-b28d-1f222eba85ae,+1234567890,INACTIVE,2025-01-24T18:49:47.947854,2025-01-24T18:49:47.947863
1,3dbd5baa-0b56-4410-819a-63c40d8e3820,701ccffb-4e5f-4892-b66b-7d135570a515,+1234567890,INACTIVE,2025-01-24T18:49:47.979401,2025-01-24T18:49:47.97941
22,3dbd5baa-0b56-4410-819a-63c40d8e3820,701ccffb-4e5f-4892-b66b-7d135570a515,+1234567890,ACTIVE,2025-01-24T18:49:47.979401,2025-01-24T18:49:47.98164
1,120b8b45-5ef1-45d0-abbe-b193fb224b8c,3bb5b9e8-c32e-401b-ac91-35a5e7853091,+1234567890,INACTIVE,2025-01-24T18:49:47.985273,2025-01-24T18:49:47.985279
1,6bc5b24e-c17a-40d5-86cd-c8da13835976,0d8d5d5c-5c1a-4f68-b36e-1ef23baf0aab,+1234567890,INACTIVE,2025-01-24T19:29:48.04549,2025-01-24T19:29:48.045499
1,ca746348-d691-4472-bbc6-5b8577c9fe02,0d1f864a-a10b-4597-95c6-2cd89d06f542,+1234567890,INACTIVE,2025-01-24T19:29:48.101867,2025-01-24T19:29:48.101876
1,f32a8ec5-2c07-42c9-a5e6-50c8179f5509,20dad003-02eb-45dc-8e3c-c24069aec447,+1234567890,INACTIVE,2025-01-24T19:29:48.112439,2025-01-24T19:29:48.112447
1,4cb2a91a-44ed-4189-9285-26f6d2f01177,f093f5ba-3b0a-4ee9-8acc-0372cf50679e,+1234567890,INACTIVE,2025-01-24T19:29:48.144244,2025-01-24T19:29:48.144252
23,4cb2a91a-44ed-4189-9285-26f6d2f01177,f093f5ba-3b0a-4ee9-8acc-0372cf50679e,+1234567890,ACTIVE,2025-01-24T19:29:48.144244,2025-01-24T19:29:48.14663
1,34b2b3f0-6ca5-4bd4-912f-b2f9706d63a1,a935a9d4-1ef8-4e08-842e-05b1e671b227,+1234567890,INACTIVE,2025-01-24T19:29:48.15056,2025-01-24T19:29:48.150567
1,f5840790-5ed6-4e85-b051-aa2b7deb2b2b,47cb686c-3025-4776-a4f4-2d6191c90a0f,+1234567890,INACTIVE,2025-01-24T19:30:07.465989,2025-01-24T19:30:07.465998
1,0752d549-f367-4ec6-8054-5fc238288f5e,e7dc4bf8-a1d9-4c4f-a847-3629cbbb075e,+1234567890,INACTIVE,2025-01-24T19:30:07.521797,2025-01-24T19:30:07.521807
1,c0c6d26e-cc00-47fd-8302-cdcac05ab167,ec258e10-511c-449a-ba6a-e90329d46e38,+1234567890,INACTIVE,2025-01-24T19:30:07.532238,2025-01-24T19:30:07.532246
1,83596e34-1338-4829-b0b1-bf5c6a9cb62f,11784849-d95e-40a5-8e61-ad4f7d8f80b6,+1234567890,INACTIVE,2025-01-24T19:30:07.565257,2025-01-24T19:30:07.565266
24,83596e34-1338-4829-b0b1-bf5c6a9cb62f,11784849-d95e-40a5-8e61-ad4f7d8f80b6,+1234567890,ACTIVE,2025-01-24T19:30:07.565257,2025-01-24T19:30:07.567903
1,29cac495-c831-4e1d-a9ba-170eb24dbb8a,d3a1a066-e91c-4f85-a6e8-c26906d70a4a,+1234567890,INACTIVE,2025-01-24T19:30:07.572032,2025-01-24T19:30:07.572038
1,2931fef0-6fff-4e8d-a418-122e6c0f4dff,9c9877d5-0450-4af8-8e58-3b57a767b62b,+1234567890,INACTIVE,2025-01-24T19:38:47.371445,2025-01-24T19:38:47.371455
1,b8490145-7cd9-4057-9a63-30a1e735b73e,0a0f7942-eff3-43c0-a698-1299cda10f20,+1234567890,INACTIVE,2025-01-24T19:38:47.426537,2025-01-24T19:38:47.426546
1,1b3f7ce7-3b5c-4f69-9b1e-0583fdc4bd66,d9e9a1dc-52f3-4664-8f1e-f460387fb2a0,+1234567890,INACTIVE,2025-01-24T19:38:47.437586,2025-01-24T19:38:47.437595
1,4e332999-3d61-4661-b734-dc76f3f10895,86035390-dc44-462b-b38e-3df7ff4bb51e,+1234567890,INACTIVE,2025-01-24T19:38:47.47512,2025-01-24T19:38:47.475129
1,13f0b1ad-31c7-4bf9-96e1-6e1805b8371f,4891da2d-50b7-4ea2-9e06-ed1c0aa161ec,+1234567890,INACTIVE,2025-01-24T19:38:47.481592,2025-01-24T19:38:47.4816
1,d1b21cbf-8177-417f-8fc1-f85a8f310531,4b75bac0-6eea-4064-b079-b70b18d60557,+1234567890,INACTIVE,2025-01-24T19:39:08.224498,2025-01-24T19:39:08.224508
1,ffa78989-5f71-4056-9d3d-ca4c9a5c3ea8,593bb14d-9937-4d9b-b16a-9be90e6efb0d,+1234567890,INACTIVE,2025-01-24T19:39:08.276857,2025-01-24T19:39:08.276866
1,713e35ee-b1aa-4c60-87e0-b6deba4f099a,583696d1-688d-4032-ad07-fef93656131d,+1234567890,INACTIVE,2025-01-24T19:39:08.287967,2025-01-24T19:39:08.287975
1,2acb89db-f49f-4798-8e4b-7033c242387f,26948451-3e78-4dbf-a4bf-db7ff592b774,+1234567890,INACTIVE,2025-01-24T19:39:08.318915,2025-01-24T19:39:08.318924
1,61a31425-2048-495b-8c3f-d4822b8b0622,13ea65ec-7708-49ca-b129-4909baa26661,+1234567890,INACTIVE,2025-01-24T19:39:08.325674,2025-01-24T19:39:08.325681
1,9bcdb437-65c5-4014-8ce2-f068395ec457,009745f5-82ee-4c85-b348-a715ef17f33d,+1234567890,INACTIVE,2025-01-24T19:39:19.821416,2025-01-24T19:39:19.821425
1,9e869f1e-4c06-49cf-902e-9efce7d5bb28,260c9573-79a4-410f-b956-0cbdad006f47,+1234567890,INACTIVE,2025-01-24T19:39:19.877898,2025-01-24T19:39:19.877907
1,b0baacc7-bc3a-4ed2-95ec-c79df5959fe7,4840eed4-fa34-47bb-b991-fe7350295b8d,+1234567890,INACTIVE,2025-01-24T19:39:19.889315,2025-01-24T19:39:19.889323
1,dcec83fd-3292-4554-8d8a-aaee5eb188f5,6c950492-abb4-40a5-b64c-d29f5488c8f9,+1234567890,INACTIVE,2025-01-24T19:39:19.921376,2025-01-24T19:39:19.921384
25,dcec83fd-3292-4554-8d8a-aaee5eb188f5,6c950492-abb4-40a5-b64c-d29f5488c8f9,+1234567890,ACTIVE,2025-01-24T19:39:19.921376,2025-01-24T19:39:19.924012
1,15814597-d338-4d48-95d6-dab017e2589f,175a9c84-38b8-4e84-8fcf-73eed2b42cee,+1234567890,INACTIVE,2025-01-24T19:39:19.928044,2025-01-24T19:39:19.928051
1,750e1b7a-e137-4013-8b1f-dad410527292,a6b82bf5-6984-43ef-b219-994bba2038f7,+1234567890,INACTIVE,2025-01-24T19:41:40.83545,2025-01-24T19:41:40.835459
1,096fb66b-e2f8-4a9d-9bce-b07d9898b501,70f46ea2-9f13-4fa9-b6c9-6b19b76d40d0,+1234567890,INACTIVE,2025-01-24T19:41:40.893661,2025-01-24T19:41:40.893672
1,4326dee7-e690-413d-965f-0abab874edc6,ed64d503-5c38-4f90-86fe-f07fbdc66836,+1234567890,INACTIVE,2025-01-24T19:41:40.90502,2025-01-24T19:41:40.905028
1,a22b58f0-00fe-42c9-97e1-b4ab5a3b945f,2ca62503-1e75-4e95-82c2-2e24d9f8b544,+1234567890,INACTIVE,2025-01-24T19:41:40.938397,2025-01-24T19:41:40.938407
26,a22b58f0-00fe-42c9-97e1-b4ab5a3b945f,2ca62503-1e75-4e95-82c2-2e24d9f8b544,+1234567890,ACTIVE,2025-01-24T19:41:40.938397,2025-01-24T19:41:40.94139
1,8261dc03-ddc8-462a-a1b9-fa07753c7718,944897d1-d66f-4cbe-a6e9-09cf56985be4,+1234567890,INACTIVE,2025-01-24T19:41:40.945827,2025-01-24T19:41:40.945835
1,21a65182-a135-4757-aceb-d68d27875ebe,9f8161ca-8eae-4fc1-b872-5fdaade30036,+1234567890,INACTIVE,2025-01-24T19:49:18.62166,2025-01-24T19:49:18.621668
1,99a6d002-24cd-412b-b28e-aa1b0da2b71f,123ac0ac-7786-4867-abbb-9788c8bf926c,+1234567890,INACTIVE,2025-01-24T19:49:18.680117,2025-01-24T19:49:18.680127
1,cba74d12-ff9c-4a9a-b21a-2eaed7bd316e,42a6641e-c013-4d2f-a764-68eedf6b0362,+1234567890,INACTIVE,2025-01-24T19:49:18.690674,2025-01-24T19:49:18.690682
1,5970e8bf-e1d2-454d-8fc8-5554c4689046,be0c6517-5931-4901-afe9-d7cdea5cd97f,+1234567890,INACTIVE,2025-01-24T19:49:18.724972,2025-01-24T19:49:18.72498
27,5970e8bf-e1d2-454d-8fc8-5554c4689046,be0c6517-5931-4901-afe9-d7cdea5cd97f,+1234567890,ACTIVE,2025-01-24T19:49:18.724972,2025-01-24T19:49:18.728336
1,1de981ed-97f7-4eb2-921b-bf0a7e1ace21,fc174fd3-5644-4ff1-a1d3-6c1699560389,+1234567890,INACTIVE,2025-01-24T19:49:18.732768,2025-01-24T19:49:18.732775
1,75186b27-d016-4151-bac9-810678b8e346,c161b828-ea32-454f-811c-6025e62b6875,+1234567890,INACTIVE,2025-01-24T19:49:28.241413,2025-01-24T19:49:28.24142
1,546557d5-40cb-43b8-b4e1-b651b4af4c6f,68603045-12ac-4fbf-b49c-e59675ecb579,+1234567890,INACTIVE,2025-01-24T19:49:28.29758,2025-01-24T19:49:28.297592
1,3ec02396-6b33-4b73-bc51-9fa13293201f,060f829e-4720-4669-9ef6-62954de4fb9e,+1234567890,INACTIVE,2025-01-24T19:49:28.308061,2025-01-24T19:49:28.308068
1,58c5e0c5-dfa9-47e2-b3f5-d73d56acbe4e,7d5d9ccf-eef3-41d9-b5d1-63f8d29974a4,+1234567890,INACTIVE,2025-01-24T19:49:28.340903,2025-01-24T19:49:28.340912
28,58c5e0c5-dfa9-47e2-b3f5-d73d56acbe4e,7d5d9ccf-eef3-41d9-b5d1-63f8d29974a4,+1234567890,ACTIVE,2025-01-24T19:49:28.340903,2025-01-24T19:49:28.344059
1,19711d18-1ce5-44b4-8dc6-b4e8c1d88c1d,ec634430-7fcc-4b7f-a6dd-238b6aa1dd87,+1234567890,INACTIVE,2025-01-24T19:49:28.348326,2025-01-24T19:49:28.348332
1,d0b13732-c76a-4508-b005-d7cc4ad9d927,4ef303fd-2925-4d31-8b57-b77850c0952a,+1234567890,INACTIVE,2025-01-24T19:51:56.227992,2025-01-24T19:51:56.228002
1,cf592daf-4757-45a0-9c35-d01ddee97db7,50941b01-9400-4e3d-90f6-9e52fce2e2fe,+1234567890,INACTIVE,2025-01-24T19:51:56.288112,2025-01-24T19:51:56.288125
1,76d1a60b-c7a9-47a6-b37a-3dc1ade29298,ef056023-ba9d-42e5-bfa6-11506691ad8c,+1234567890,INACTIVE,2025-01-24T19:51:56.305775,2025-01-24T19:51:56.305786
1,0d6faa36-9986-4d5a-b19d-08abe6fc5f6c,ebcba112-2ddb-48c8-bf5f-e40cecd989f7,+1234567890,INACTIVE,2025-01-24T19:51:56.338473,2025-01-24T19:51:56.338481
29,0d6faa36-9986-4d5a-b19d-08abe6fc5f6c,ebcba112-2ddb-48c8-bf5f-e40cecd989f7,+1234567890,ACTIVE,2025-01-24T19:51:56.338473,2025-01-24T19:51:56.341974
1,9432faef-cbb9-4cef-86cc-4bb8902ecb2a,d85d74b3-dd9e-4e03-a436-f3b76590e503,+1234567890,INACTIVE,2025-01-24T19:51:56.346773,2025-01-24T19:51:56.34678
1,db6f3660-2f87-416d-b201-717261873ef5,ea8b4048-4dca-4e15-bba2-16ca15568cea,+1234567890,INACTIVE,2025-01-24T19:52:23.457483,2025-01-24T19:52:23.457491
1,e8b37ef2-7163-4ebf-888a-85bbbf8d501b,9e3f9c9a-4e6e-459a-ab4a-7b788f75b3a5,+1234567890,INACTIVE,2025-01-24T19:52:23.522983,2025-01-24T19:52:23.522996
1,2899bcd9-13d1-4752-9983-e4a5997db83c,0de46b26-1436-4030-b150-1bdea4756c1a,+1234567890,INACTIVE,2025-01-24T19:52:23.533351,2025-01-24T19:52:23.533359
1,2a9fefe2-800f-423b-8898-b6202322ced2,a66d5bc1-a62f-4153-b2c6-0fd0ffc61743,+1234567890,INACTIVE,2025-01-24T19:52:23.567115,2025-01-24T19:52:23.567123
30,2a9fefe2-800f-423b-8898-b6202322ced2,a66d5bc1-a62f-4153-b2c6-0fd0ffc61743,+1234567890,ACTIVE,2025-01-24T19:52:23.567115,2025-01-24T19:52:23.569898
1,5023ac78-9157-40f9-87fe-c05a7723fb53,3c72ebc6-1b95-4c93-a00d-8aa627cdf05a,+1234567890,INACTIVE,2025-01-24T19:52:23.574399,2025-01-24T19:52:23.574407
1,2b847c4f-aeda-42b8-a90d-661e52798bf1,443d161f-14d5-4077-ac5c-b601bf87e8a9,+1234567890,INACTIVE,2025-01-24T19:52:29.913571,2025-01-24T19:52:29.91358
1,0941088a-102d-4c54-af4a-94a0c97cf648,b3c94a3b-0d54-47a2-9098-317efc400b23,+1234567890,INACTIVE,2025-01-24T19:52:29.97038,2025-01-24T19:52:29.970389
1,a625243f-606b-4200-920d-f4b50766306e,9d1323ab-d0e1-4fec-b24d-76694871621f,+1234567890,INACTIVE,2025-01-24T19:52:29.98022,2025-01-24T19:52:29.980227
1,8ec20372-5c65-417d-b709-67b195cf76e8,db19c0d8-d5b3-4980-8734-fba2b4ee2377,+1234567890,INACTIVE,2025-01-24T19:52:30.013978,2025-01-24T19:52:30.013986
31,8ec20372-5c65-417d-b709-67b195cf76e8,db19c0d8-d5b3-4980-8734-fba2b4ee2377,+1234567890,ACTIVE,2025-01-24T19:52:30.013978,2025-01-24T19:52:30.016903
1,2a51068b-ff08-4c9f-8c62-4a0a81b5d4af,f382ce2d-2a24-487e-8f25-267f4530463f,+1234567890,INACTIVE,2025-01-24T19:52:30.021124,2025-01-24T19:52:30.021133
